"","ONTOLOGY","ID","Description","GeneRatio","BgRatio","pvalue","p.adjust","qvalue","geneID","Count"
"GO:0033333","BP","GO:0033333","fin development","4/41","113/18057",0.000123161180224029,0.0293509874142381,0.0258308948770689,"323481/30438/566702/794315",4
"GO:0048736","BP","GO:0048736","appendage development","4/41","121/18057",0.000160387909367421,0.0293509874142381,0.0258308948770689,"323481/30438/566702/794315",4
