"","ONTOLOGY","ID","Description","GeneRatio","BgRatio","pvalue","p.adjust","qvalue","geneID","Count"
"GO:0019748","BP","GO:0019748","secondary metabolic process","4/194","14/18057",1.18855731088083e-05,0.0160098669775648,0.0154262227822744,"550507/30207/567419/100333145",4
"GO:0042470","CC","GO:0042470","melanosome","4/192","29/18405",0.000222253707549488,0.0181136771652833,0.0178972722395114,"30207/562810/567419/100333145",4
"GO:0048770","CC","GO:0048770","pigment granule","4/192","29/18405",0.000222253707549488,0.0181136771652833,0.0178972722395114,"30207/562810/567419/100333145",4
"GO:0004601","MF","GO:0004601","peroxidase activity","5/196","46/17701",0.000149965048124048,0.03907424163836,0.0360864396461518,"794084/723997/565097/81538/100334599",5
"GO:0016684","MF","GO:0016684","oxidoreductase activity, acting on peroxide as acceptor","5/196","51/17701",0.000245749947411069,0.03907424163836,0.0360864396461518,"794084/723997/565097/81538/100334599",5
