"","ONTOLOGY","ID","Description","GeneRatio","BgRatio","pvalue","p.adjust","qvalue","geneID","Count"
"GO:0009266","BP","GO:0009266","response to temperature stimulus","3/26","48/18057",4.39068137251854e-05,0.00627867436270151,0.00448311676983472,"323922/140633/565155",3
"GO:0009409","BP","GO:0009409","response to cold","2/26","16/18057",0.000236286775667653,0.0168945044602372,0.0120630617051381,"140633/565155",2
"GO:0009408","BP","GO:0009408","response to heat","2/26","22/18057",0.000452441674075876,0.0215663864642834,0.0153988920650386,"323922/565155",2
"GO:0006457","BP","GO:0006457","protein folding","3/26","140/18057",0.00104072072648777,0.0372057659719377,0.0265657659129772,"323922/565155/445177",3
"GO:0051082","MF","GO:0051082","unfolded protein binding","3/24","78/17701",0.000155849565325398,0.0140264608792858,0.0113196000078447,"323922/565155/445177",3
"GO:0051087","MF","GO:0051087","chaperone binding","2/24","44/17701",0.00160974376633663,0.0412854097564589,0.0333180499788966,"323922/445177",2
"GO:0031072","MF","GO:0031072","heat shock protein binding","2/24","46/17701",0.00175827900567172,0.0412854097564589,0.0333180499788966,"323922/445177",2
"GO:0042887","MF","GO:0042887","amide transmembrane transporter activity","2/24","47/17701",0.00183490710028706,0.0412854097564589,0.0333180499788966,"564474/326634",2
